r_bend,p99_springback_mm,max_springback_mm,feasible,campaign_runtime_s
3.96,1.4454587701887434,1.4723823292885574,True,0.07533043896546587
3.99035175879397,1.455187909444787,1.4823122319809534,True,0.055041245999746025
4.02070351758794,1.4649170288449336,1.4922421136037145,True,0.047773808997590095
4.051055276381909,1.4746461282564276,1.502171974015687,True,0.040527909994125366
4.0814070351758795,1.4843751742193616,1.5121018130757058,True,0.042680491984356195
4.111758793969849,1.4941040887985584,1.5220316306426285,True,0.0407898590201512
4.142110552763819,1.5038329829914014,1.531961426575279,True,0.03991387598216534
4.172462311557789,1.5135618566651412,1.5418912007325036,True,0.039377790002617985
4.202814070351759,1.5232907096869954,1.5518209529731597,True,0.03923832898726687
4.233165829145729,1.5330195419242258,1.5617506831560601,True,0.04047904099570587
4.263517587939698,1.5427483321961395,1.5716803911400623,True,0.03954183298628777
4.293869346733668,1.5524770931506795,1.5816100767840013,True,0.03956046199891716
4.324221105527638,1.5622058329224318,1.5915397399467235,True,0.03984398196917027
4.354572864321608,1.571944449416383,1.601469380487075,True,0.03979638998862356
4.384924623115578,1.5816851518978952,1.611398998263891,True,0.04088455601595342
4.415276381909548,1.5914258327447603,1.6213285931360066,True,0.040260112029500306
4.445628140703517,1.6011609123241621,1.6312581649622793,True,0.03996621002443135
4.475979899497488,1.6108864625607817,1.6411877136015218,True,0.042682881001383066
4.506331658291457,1.6206194136967558,1.6511172389126139,True,0.04186798701994121
4.5366834170854275,1.6303564808570532,1.6610467407543683,True,0.04003668203949928
4.567035175879397,1.6400935257330254,1.6709762189856314,True,0.041342714976053685
4.5973869346733665,1.6498264218085053,1.6809056734652605,True,0.043223233020398766
4.627738693467337,1.6595671316404148,1.6908351040520797,True,0.04034298600163311
4.658090452261306,1.6693048200480292,1.7007645106049463,True,0.041099424997810274
4.688442211055277,1.6790463359620926,1.7106938929826732,True,0.04084969300311059
4.718793969849246,1.6887892449043063,1.7206232510441177,True,0.040643154992721975
4.749145728643216,1.6985299388291983,1.7305525846481373,True,0.040809501020703465
4.779497487437186,1.7082706095197329,1.7404818936535449,True,0.04123526404146105
4.809849246231156,1.7180112568426704,1.7504111779192089,True,0.04112208099104464
4.840201005025126,1.7277517168637195,1.7603404373039533,True,0.04068754496984184
4.870552763819095,1.7374778154920787,1.7702696716666244,True,0.04102536098798737
4.900904522613065,1.7472029665400557,1.7801988808660574,True,0.039902988995891064
4.931256281407035,1.7569376999986446,1.7901280647610984,True,0.039453050994779915
4.961608040201005,1.7666745536601631,1.8000572232105827,True,0.039442709006834775
4.991959798994975,1.7764122715325181,1.8099863560733676,True,0.04132147604832426
5.022311557788944,1.7861510586883977,1.8199154632082881,True,0.03937510697869584
5.0526633165829145,1.795889821419652,1.8298445444741795,True,0.03976504202000797
5.083015075376885,1.805628548626526,1.839773599729888,True,0.03937361197313294
5.113366834170854,1.815359538300786,1.8497026288342489,True,0.040590043005067855
5.143718592964824,1.8250946904113918,1.8596316316461081,True,0.042214419052470475
5.174070351758794,1.834831359704063,1.869560608024301,True,0.04147955897497013
5.2044221105527635,1.8445680039166363,1.879489557827685,True,0.04069119499763474
5.234773869346734,1.8543046229159625,1.8894184809150838,True,0.03961924696341157
5.265125628140703,1.8640412165689804,1.899347377145344,True,0.03954706300282851
5.295477386934673,1.8737777847425408,1.9092762463773116,True,0.03994569298811257
5.325829145728643,1.883514327303539,1.919205088469822,True,0.03948197595309466
5.356180904522613,1.8932508441188807,1.9291339032817212,True,0.04171015997417271
5.386532663316583,1.90298733505545,1.9390626906718555,True,0.03961702197557315
5.416884422110552,1.9127237999801308,1.948991450499038,True,0.03975603403523564
5.447236180904523,1.9224602387598064,1.958920182622148,True,0.039713476959150285
5.477587939698492,1.9321966512613729,1.9688488869000098,True,0.03973507398040965
5.5079396984924625,1.941933037351724,1.9787775631914584,True,0.039575217000674456
5.538291457286432,1.9516693968977445,1.988706211355351,True,0.03975347400410101
5.568643216080401,1.9614056915111562,1.998634831250512,True,0.03979490901110694
5.598994974874372,1.9711419374072459,2.0085634227357874,True,0.039895638008601964
5.629346733668342,1.9808781563599904,2.0184919856700234,True,0.03964281303342432
5.6596984924623115,1.9906123462028897,2.0284205199120664,True,0.03998054104158655
5.690050251256281,2.000343530594798,2.0383490253207404,False,0.03980569797568023
5.720402010050251,2.010074687672113,2.0482775017549026,False,0.040341286978218704
5.750753768844221,2.0198058173019287,2.0582059490733995,False,0.04088174400385469
5.781105527638191,2.0295389320124366,2.068134367135044,False,0.04007146798539907
5.8114572864321605,2.0392786250285164,2.078062755798704,False,0.04212854098295793
5.84180904522613,2.0490182901488914,2.0879911149232044,False,0.040258170978631824
5.8721608040201,2.05874834376052,2.097919444367402,False,0.040202664968091995
5.902512562814071,2.068478182141961,2.107847743990121,False,0.04011762299342081
5.93286432160804,2.0782079922849523,2.117776013650219,False,0.040375927987042814
5.96321608040201,2.0879377561688397,2.1277042532065304,False,0.040969082969240844
5.99356783919598,2.0976674725635642,2.137632462517891,False,0.04144995100796223
6.02391959798995,2.1073971603214745,2.147560641443147,False,0.03993020497728139
6.05427135678392,2.117126819309709,2.1574887898411443,False,0.04004181199707091
6.084623115577889,2.126856449395403,2.1674169075707184,False,0.03992337500676513
6.114974874371859,2.136586050445706,2.177344994490704,False,0.04039940098300576
6.145326633165829,2.1463156223277657,2.1872730504599702,False,0.04018182499567047
6.175678391959799,2.156045127466913,2.1972010753373183,False,0.04014344001188874
6.206030150753769,2.165774599795042,2.207129068981617,False,0.040085948014166206
6.236381909547738,2.1755040425566214,2.2170570312517124,False,0.04021368100075051
6.2667336683417085,2.185233455618779,2.2269849620064175,False,0.04047377099050209
6.297085427135679,2.1949628388486753,2.2369128611046007,False,0.040020012005697936
6.327437185929648,2.2046921921134386,2.246840728405086,False,0.04017960000783205
6.357788944723618,2.214422158900108,2.25676856376672,False,0.03998653299640864
6.388140703517587,2.2241526406142635,2.2666963670483486,False,0.03973750799195841
6.418492462311558,2.2338830919572827,2.276624138108807,False,0.04037240403704345
6.448844221105528,2.243613512796283,2.2865518768069415,False,0.03973848500754684
6.479195979899497,2.2533439029983366,2.296479583001587,False,0.04067076597129926
6.509547738693467,2.2630742624305604,2.3064072565515903,False,0.040770121035166085
6.539899497487437,2.2728045909600274,2.316334897315797,False,0.04057485901284963
6.5702512562814075,2.2825348884538657,2.326262505153043,False,0.041508238995447755
6.600603015075377,2.2922651547791473,2.3361900799221624,False,0.04037011100444943
6.630954773869346,2.3019953898029897,2.3461176214820134,False,0.04075906501384452
6.661306532663316,2.3117255933924765,2.3560451296914198,False,0.04056125902570784
6.691658291457286,2.3214557654147137,2.3659726044092277,False,0.041264646977651864
6.7220100502512565,2.331185905736796,2.3759000454942947,False,0.040493445994798094
6.752361809045226,2.340916014225818,2.3858274528054446,False,0.04062074900139123
6.782713567839195,2.3506460907488744,2.3957548262015127,False,0.04030026198597625
6.813065326633166,2.360376135173072,2.4056821655413563,False,0.039979853958357126
6.843417085427136,2.3701061473655045,2.4156094706838105,False,0.04008030804106966
6.873768844221106,2.379836127193256,2.4255367414877216,False,0.040700855024624616
6.904120603015075,2.3895674151036337,2.4354639778119247,False,0.04005466401576996
6.9344723618090445,2.3993069939703724,2.445391179515255,False,0.04027032002341002
6.964824120603015,2.4090465400084713,2.4553183464565698,False,0.040157306008040905
6.995175879396985,2.4187860530846295,2.465245478494704,False,0.04143529001157731
7.025527638190955,2.428525533065534,2.4751725754884824,False,0.04094354301923886
7.055879396984924,2.438264979817918,2.4850996372967726,False,0.04059842799324542
7.086231155778894,2.4480043932084476,2.49502666377841,False,0.04053253901656717
7.116582914572865,2.4577437731038434,2.504953654792219,False,0.040087107045110315
7.146934673366834,2.467483119370805,2.5148806101970567,False,0.04015706398058683
7.177286432160804,2.47722243187602,2.524807529851758,False,0.040544426010455936
7.207638190954773,2.486961710486199,2.5347344136151695,False,0.039900027972180396
7.237989949748743,2.496700955068063,2.544661261346126,False,0.04091874696314335
7.268341708542714,2.506440165488278,2.5545880729034742,False,0.04021911200834438
7.298693467336683,2.516172885280822,2.564514848146049,False,0.040473571978509426
7.329045226130653,2.525903440530846,2.5744415869326964,False,0.040462440985720605
7.359396984924623,2.5356339612804546,2.584368289122263,False,0.04082814999856055
7.389748743718593,2.545364447396706,2.594294954573584,False,0.04066911700647324
7.420100502512563,2.5550948987466584,2.604221583145494,False,0.04075373103842139
7.450452261306532,2.56482531519737,2.614148174696851,False,0.04151831299532205
7.480804020100502,2.574555696615877,2.6240747290864674,False,0.042033452016767114
7.511155778894472,2.584286042869238,2.634001246173223,False,0.04205864103278145
7.541507537688442,2.594016319081234,2.643927725815931,False,0.04021621495485306
7.571859296482412,2.603746514626514,2.6538541678734484,False,0.040233824984170496
7.602211055276381,2.613476674608398,2.6637805722045993,False,0.04060315800597891
7.632562814070352,2.6232067988939365,2.673706938668241,False,0.040180248965043575
7.662914572864322,2.632936887350191,2.683633267123209,False,0.04026019899174571
7.693266331658291,2.6426676222478873,2.693559557428349,False,0.040357443038374186
7.723618090452261,2.652403153986346,2.703485809442485,False,0.0400810829596594
7.75396984924623,2.66213864945551,2.713412023024475,False,0.04066357499687001
7.784321608040201,2.671874108522243,2.723338198033165,False,0.04069842299213633
7.814673366834171,2.6816095310533434,2.73326433432739,False,0.04116975603392348
7.8450251256281405,2.691344916915664,2.743190431765974,False,0.041298719006590545
7.87537688442211,2.7010802659760125,2.7531164902077965,False,0.04135194997070357
7.90572864321608,2.710815578101242,2.7630425095116595,False,0.042471325024962425
7.936080402010051,2.7205508531581617,2.7729684895364204,False,0.0423335469677113
7.96643216080402,2.730286091013624,2.7828944301409253,False,0.041783123975619674
7.9967839195979895,2.740021291534449,2.7928203311840094,False,0.042048909002915025
8.02713567839196,2.749756454587467,2.802746192524519,False,0.04047285299748182
8.05748743718593,2.7594915800395086,2.812672014021289,False,0.04105953802354634
8.0878391959799,2.7692271501540584,2.822597795533166,False,0.04105277801863849
8.118190954773869,2.7789636165566196,2.832523536918985,False,0.04083622497273609
8.148542713567839,2.7887000449476176,2.842449238037592,False,0.04070803395006806
8.178894472361808,2.7984317568544568,2.8523748987478226,False,0.04111760400701314
8.209246231155777,2.8081667546846054,2.8623005189085338,False,0.04155208799056709
8.239597989949749,2.817901714114258,2.8722260983785497,False,0.0410893420339562
8.269949748743718,2.8276366350102644,2.8821516370167166,False,0.04146242397837341
8.30030150753769,2.83737151723943,2.892077134681892,False,0.04285435000201687
8.330653266331659,2.847106360668584,2.9020025912328884,False,0.04412434104597196
8.361005025125628,2.8568411206502367,2.9119280065285635,False,0.044034972961526364
8.391356783919598,2.8665756971163963,2.9218533804277524,False,0.06362529302714393
8.421708542713567,2.8763014995455523,2.9317787127893125,False,0.05497327697230503
8.452060301507537,2.8860272627142067,2.9417040034720676,False,0.041240530961658806
8.482412060301506,2.8957529864895735,2.951629252334864,False,0.04097019898472354
8.512763819095477,2.905478670738844,2.9615544592365373,False,0.04075771901989356
8.543115577889447,2.915204315329188,2.9714796240359442,False,0.04118825902696699
8.573467336683418,2.92492992012784,2.9814047465919202,False,0.04127263597911224
8.603819095477387,2.934655485001959,2.9913298267632893,False,0.04357632400933653
8.634170854271357,2.9443810098187586,3.0012548644089088,False,0.04336958599742502
8.664522613065326,2.9541100386346884,3.011179859387625,False,0.04217038000933826
8.694874371859296,2.963839633240393,3.021104811558273,False,0.04328182397875935
8.725226130653265,2.9735691873557197,3.0310297207796877,False,0.04053517302963883
8.755577889447235,2.9832987008476946,3.0409545869107157,False,0.04163220996269956
8.785929648241206,2.993028173583311,3.0508794098102032,False,0.04070032702293247
8.816281407035175,3.002757605429629,3.0608041893369964,False,0.04110577900428325
8.846633165829147,3.0124869962536414,3.070728925349908,False,0.0523947820183821
8.876984924623116,3.0222163459223865,3.080653617707807,False,0.05426802596775815
8.907336683417086,3.031945654302891,3.090578266269528,False,0.04348957003094256
8.937688442211055,3.0416749212621697,3.1005028708939064,False,0.04702034796355292
8.968040201005024,3.0514041466672497,3.1104274314397884,False,0.04139109997777268
8.998391959798994,3.061133330385158,3.12035194776602,False,0.040249862999189645
9.028743718592963,3.0708624722829203,3.130276419731426,False,0.04013032402144745
9.059095477386935,3.0805915722275414,3.140200847194874,False,0.03993667400209233
9.089447236180904,3.0903206300860706,3.150125230015177,False,0.04003488598391414
9.119798994974875,3.1000496457255227,3.160049568051193,False,0.04015418898779899
9.150150753768845,3.1097786190129137,3.1699738611617567,False,0.040066048968583345
9.180502512562814,3.1195075470773412,3.1798981092057255,False,0.041461098997388035
9.210854271356784,3.1292363767792466,3.1898223120419122,False,0.043762610002886504
9.241206030150753,3.1389651637306746,3.1997464695291744,False,0.043731767043937
9.271557788944722,3.1487001045573355,3.209670581526358,False,0.04261219501495361
9.301909547738692,3.1584354607860967,3.2195946478922988,False,0.04211310896789655
9.332261306532663,3.1681707738062137,3.2295186684858423,False,0.0412858150084503
9.362613065326633,3.177906043484485,3.239442643165813,False,0.04040573298698291
9.392964824120604,3.1876412696876315,3.249366571791079,False,0.04092830896843225
9.423316582914573,3.1973764522824073,3.259290454220465,False,0.040823387971613556
9.453668341708543,3.207111591135567,3.269214290312805,False,0.041084230004344136
9.484020100502512,3.2168466861138754,3.2791380799269576,False,0.04119689401704818
9.514371859296482,3.226581737084076,3.289061822921757,False,0.040815303043928
9.544723618090451,3.2363167439129334,3.298985519156039,False,0.04135314596351236
9.57507537688442,3.2460517064671697,3.3089091684886496,False,0.04119529598392546
9.605427135678392,3.2557866246135716,3.318832770778446,False,0.04114980698795989
9.635778894472361,3.2655214982188823,3.32875632588423,False,0.040785088960547
9.666130653266332,3.275256327149845,3.3386798336648815,False,0.040130849985871464
9.696482412060302,3.2849911112732144,3.3486032939792243,False,0.04094215796794742
9.726834170854271,3.2947258504557553,3.3585267066861046,False,0.04105751897441223
9.75718592964824,3.304460544564222,3.368450071644369,False,0.041861423989757895
9.78753768844221,3.314195193465346,3.3783733887128298,False,0.04101996903773397
9.81788944723618,3.3239297970258934,3.388296657750367,False,0.04039588995510712
9.84824120603015,3.3336643551126293,3.3982198786157936,False,0.04081663000397384
9.87859296482412,3.343393245595959,3.4081430511679778,False,0.04050792701309547
9.90894472361809,3.353120104246941,3.4180661752657326,False,0.049239562009461224
9.939296482412061,3.3628469170962156,3.4279892507679155,False,0.042653605982195586
9.96964824120603,3.3725736840108524,3.4379122775333726,False,0.04167401901213452
10.0,3.3823004048578995,3.447835255420939,False,0.04101532098138705
